Name,Type,Average AA,Use,Recipes
Admiral,Pellet,14.3,Boil,"5,877"
Ahtanum,Pellet,5.5,Boil,"18,675"
Amarillo,Pellet,8.6,Boil,"257,401"
Apollo,Plug,18.9,Boil,"15,865"
Aquila,Leaf/Whole,6.9,Boil,134
Ariana,Pellet,10.9,Whirlpool,803
Aurora,Pellet,8.4,Boil,"4,370"
Azacca,Pellet,13.8,Boil,"35,089"
B. C. Goldings,Pellet,5,Boil,"2,223"
Banner,Pellet,11.1,Boil,119
Barbe Rouge,Pellet,8.7,Boil,"1,086"
Belma,Leaf/Whole,10.3,First Wort,"8,098"
Bramling Cross,Pellet,6.4,Boil,"10,239"
Bravo,Pellet,15.2,Dry Hop,"13,226"
Brewer's Gold,Leaf/Whole,8.6,Boil,"2,827"
Bullion,Leaf/Whole,8.3,Boil,"1,451"
Callista,Pellet,3.6,Whirlpool,974
Calypso,Pellet,13.3,Boil,"10,840"
Cascade,Pellet,6.9,Boil,"470,841"
Centennial,Pellet,9.8,Aroma,"279,007"
Challenger,Pellet,7.9,Boil,"32,365"
Chinook,Pellet,12.7,Boil,"159,002"
Citra,Pellet,11.8,Dry Hop,"448,031"
Cluster,Pellet,6.8,Boil,"22,177"
Columbia,Pellet,9.6,Boil,916
Columbus,Pellet,14.9,Boil,"154,287"
Comet,Leaf/Whole,10.5,Boil,"9,047"
Crystal,Plug,4.2,Aroma,"24,780"
CTZ,Pellet,15.6,Boil,"14,685"
Domestic Hallertau,Pellet,4,Boil,"36,138"
Dr. Rudi,Leaf/Whole,11.2,Boil,"2,317"
East Kent Goldings,Pellet,5.2,Boil,"161,716"
Ekuanot,Pellet,14.4,Boil,"16,976"
El Dorado,Leaf/Whole,15,Boil,"59,681"
Ella,Pellet,14.8,Boil,"6,190"
Eroica,Leaf/Whole,11.7,Boil,223
Falconer's Flight,Pellet,10.2,Dry Hop,"4,832"
First Gold,Leaf/Whole,7.7,Boil,"8,055"
Fuggles,Pellet,4.6,Boil,"114,222"
Galaxy,Leaf/Whole,14.5,Boil,"112,460"
Galena,Pellet,13,Boil,"19,089"
Glacier,Pellet,5.5,Boil,"9,244"
Goldings,Leaf/Whole,4.7,Boil,"22,304"
Green Bullet,Pellet,11.9,Boil,"3,991"
Hallertau Blanc,Pellet,9.6,Boil,"17,864"
Hallertau Hersbrucker,Plug,3.8,Boil,"48,239"
Hallertau Mittelfruh,Pellet,3.8,Boil,"87,203"
Hallertau Tradition (Germany),Pellet,5.2,Boil,"9,659"
Herald,Pellet,12.2,Boil,37
Herkules,Pellet,15.8,Boil,"1,151"
Hersbrucker,Pellet,3.4,Boil,"10,991"
Horizon,Pellet,12.1,Boil,"9,748"
Huell Melon,Leaf/Whole,6.9,Boil,"13,301"
Huller Bitterer,Pellet,5.7,Boil,86
Jarrylo,Pellet,14.9,Boil,"3,413"
Kent Goldings,Pellet,5.2,Boil,"23,779"
Kohatu,Pellet,6.6,Boil,"3,621"
Lemondrop,Pellet,5.8,Boil,"12,047"
Liberty,Leaf/Whole,4.2,Boil,"18,213"
Loral,Pellet,11.4,Boil,"6,134"
Lublin,Pellet,4.3,Dry Hop,"1,545"
Magnum,Pellet,14,Boil,"143,255"
Mandarina Bavaria,Leaf/Whole,8.3,First Wort,"26,132"
Medusa,Pellet,4.1,Whirlpool,340
Meridian,Pellet,6.3,Boil,342
Millenium,Pellet,15.8,Boil,"2,592"
Monroe,Pellet,3,Boil,222
Mosaic,Leaf/Whole,12.3,First Wort,"235,913"
Motueka,Pellet,7,Boil,"32,334"
Mount Hood,Pellet,5.1,Boil,"22,533"
Mount Rainier,Pellet,6.3,Boil,597
Moutere,Pellet,17.4,Boil,"1,581"
Nelson Sauvin,Pellet,12.1,Boil,"53,638"
Newport,Leaf/Whole,13.4,Boil,"1,285"
Northdown,Leaf/Whole,8.2,Boil,"5,806"
Northern Brewer,Pellet,8.1,Boil,"73,917"
Nugget,Pellet,13.7,Boil,"51,631"
Olympic,Pellet,12,Boil,97
Omega,Pellet,10,Boil,32
Opal,Leaf/Whole,7.2,Boil,"1,565"
Orion,Pellet,7,Boil,18
Pacific Gem,Pellet,14.9,Boil,"5,974"
Pacific Jade,Pellet,13,Boil,"1,040"
Pacifica,Pellet,5.1,Boil,"4,713"
Palisade,Pellet,7.7,Boil,"6,589"
Perle,Leaf/Whole,7.8,Boil,"54,302"
Phoenix,Pellet,10.5,Boil,"2,672"
Pilgrim,Leaf/Whole,10.4,Boil,"2,844"
Pioneer,Pellet,8.9,Boil,685
Pride of Ringwood,Pellet,9.8,Boil,"2,926"
Progress,Leaf/Whole,6.3,Boil,"2,561"
Rakau,Pellet,10.6,Boil,"9,665"
Record,Leaf/Whole,6.3,Boil,10
Riwaka,Pellet,5.4,Dry Hop,"5,137"
Saaz,Pellet,3.5,Boil,"166,852"
Santiam,Pellet,6.5,Boil,"2,052"
Saphir,Leaf/Whole,4,Aroma,"5,994"
Satus,Pellet,12.8,Boil,26
Simcoe,Pellet,12.7,Boil,"239,840"
Sonnet,Leaf/Whole,4.6,Boil,473
Sorachi Ace,Pellet,11.5,Boil,"19,712"
Southern Cross,Leaf/Whole,12.8,Aroma,"3,687"
Southern Sublime,Pellet,11.5,Boil,53
Sovereign,Pellet,5.5,Boil,789
Spalt,Pellet,4.2,Boil,"10,703"
Spalter Select (Germany),Pellet,4.1,Boil,"1,669"
Sterling,Leaf/Whole,8.3,Boil,"14,710"
Sticklebract,Pellet,11.8,Boil,512
Strisselspalt,Pellet,3,Aroma,"5,134"
Styrian Goldings,Pellet,4.8,Boil,"49,551"
Summer,Pellet,6.2,Boil,"3,362"
Summit,Pellet,17.4,Boil,"21,319"
Super Alpha,Pellet,12.8,Boil,719
Super Styrians,Pellet,9.3,Boil,640
Taiheke,Pellet,7.2,Boil,"1,668"
Talisman,Pellet,8,Boil,31
Target,Pellet,10.8,Boil,"16,140"
Tettnanger,Pellet,4.2,Boil,"68,000"
Tomahawk,Leaf/Whole,15.3,Boil,"2,655"
Topaz,Pellet,15.9,Boil,"3,489"
Ultra,Pellet,5.8,First Wort,643
Vanguard,Pellet,5.1,Boil,"2,641"
Vic Secret,Pellet,16.6,Boil,"13,615"
Wai-iti,Pellet,3,Boil,"5,468"
Waimea,Pellet,16.4,Dry Hop,"5,517"
Wakatu,Pellet,7.3,Boil,"6,058"
Warrior,Pellet,16,Boil,"49,257"
Whitbread Golding,Pellet,6.2,Boil,"1,756"
Willamette,Leaf/Whole,4.7,Boil,"101,882"
Wye Challenger,Leaf/Whole,9.9,Boil,208
Wye Target,Leaf/Whole,10.1,Boil,234
Yakima Cluster,Leaf/Whole,7.3,Boil,718
Yamhill Goldings,Pellet,4.1,Aroma,42
Yeoman,Leaf/Whole,7.4,Whirlpool,38
Zamba,Pellet,9.7,Whirlpool,"1,008"
Zappa,Pellet,6.5,Whirlpool,"1,238"
Zenith,Leaf/Whole,8.9,Boil,35
Zeus,Leaf/Whole,15.5,Boil,"5,117"
Zythos,Pellet,10.6,Boil,"8,035"
47 Hops - Amarillo,Leaf/Whole,9.5,Boil,327
47 Hops - Crystal,Pellet,4.2,Boil,147
47 Hops - Galaxy,Pellet,16.5,Whirlpool,188
47 Hops - HCB 586,Pellet,13,Boil,4
47 Hops - Huell Melon,Pellet,7.4,Dry Hop,96
47 Hops - Mandarina Bavaria,Pellet,10.5,Whirlpool,259
47 Hops - Saaz,Pellet,3.7,Boil,595
47 Hops - Super Styrian,Pellet,8.4,Boil,18
Artisan - Amarillo,Pellet,8.2,Boil,"1,166"
Artisan - Cascade,Leaf/Whole,5.9,Boil,"3,866"
Artisan - Cashmere,Pellet,8.9,Boil,62
Artisan - Centennial,Pellet,9.6,Boil,"1,584"
Artisan - Chinook,Pellet,11.6,Boil,"1,222"
Artisan - Citra,Pellet,12.2,Dry Hop,"1,809"
Artisan - Columbus (CTZ),Pellet,15,Boil,"1,302"
Artisan - Crystal,Leaf/Whole,4.1,Whirlpool,202
Artisan - Dr. Rudi,Pellet,10.5,Boil,3
Artisan - Ekuanot,Leaf/Whole,14.7,Dry Hop,76
Artisan - Fuggle (UK),Pellet,5.2,Boil,943
Artisan - Fuggle (US),Pellet,4.6,Boil,342
Artisan - Galaxy,Pellet,14.1,Whirlpool,657
Artisan - Galena,Pellet,13.1,Boil,106
Artisan - German Herkules,Pellet,15,Boil,35
Artisan - German Select,Pellet,4.4,Boil,145
Artisan - Goldings,Pellet,5.1,Boil,102
Artisan - Hallertau Blanc,Pellet,10.2,Boil,216
Artisan - Hallertau Mittelfruh,Pellet,4,Aroma,"1,594"
Artisan - Hersbrucker,Pellet,3.4,Boil,283
Artisan - Horizon,Pellet,12,Boil,17
Artisan - Hull Melon,Lupulin Pellet,7,Boil,404
Artisan - Idaho #7,Pellet,13.4,First Wort,"1,969"
Artisan - Idaho Gem,Pellet,14.3,Boil,3
Artisan - Jarrylo,Pellet,14.9,Boil,15
Artisan - Kent Goldings,Pellet,4.8,Boil,881
Artisan - Lemondrop,Pellet,6.9,Boil,8
Artisan - Liberty,Pellet,4.7,Boil,169
Artisan - Magnum,Pellet,12,Boil,"2,077"
Artisan - Mandarina Bavaria,Pellet,7,Whirlpool,290
Artisan - Medusa,Pellet,3,Aroma,114
Artisan - Mosaic,Pellet,12.2,Whirlpool,931
Artisan - Motueka,Pellet,7,Whirlpool,264
Artisan - Northern Brewer,Pellet,8.2,Boil,646
Artisan - Perle,Pellet,7.1,Boil,766
Artisan - Saaz (Czech),Pellet,3.5,Boil,"2,208"
Artisan - Saaz (US),Pellet,3.9,Boil,397
Artisan - Saphir,Pellet,3.4,Boil,131
Artisan - Simcoe,Pellet,13.4,Boil,"1,169"
Artisan - Southern Passion,Pellet,9.4,Boil,349
Artisan - Spalt,Pellet,4.7,Boil,170
Artisan - Strisselspalt,Leaf/Whole,1.6,Boil,39
Artisan - Styrian Goldings,Leaf/Whole,4,Boil,408
Artisan - Summit,Pellet,16.9,Boil,123
Artisan - Tettnanger,Pellet,4.4,Boil,20
Artisan - Trident,Pellet,13.1,Dry Hop,2
Artisan - UK Archer,Pellet,4.7,Boil,97
Artisan - US Eureka,Pellet,17.8,Whirlpool,411
Artisan - Warrior,Pellet,16.9,Boil,284
Artisan - Willamette,Pellet,5.4,Boil,755
Artisan - Zappa,Pellet,5.6,Dry Hop,70
Australien - VIC SECRET,Pellet,18.5,Aroma,9
backroads hops - Magnum,Pellet,13.6,Boil,12
Bakke Brygg - Chinook,Pellet,12.7,Boil,4
Barth-Haas - Admiral,Pellet,14.2,Aroma,44
Barth-Haas - Agnus,Pellet,11.1,Boil,45
Barth-Haas - Ahtanum,Lupulin Pellet,6.2,Dry Hop (High Krausen),20
Barth-Haas - Amarillo,Pellet,9.3,Boil,567
Barth-Haas - Amarillo BBC,Pellet,7.5,Boil,8
Barth-Haas - Aramis,Pellet,7.5,Boil,364
Barth-Haas - Ariana,Pellet,11.3,Boil,214
Barth-Haas - Aurora,Pellet,8.3,Boil,36
Barth-Haas - Azacca,Pellet,14.6,Boil,142
Barth-Haas - Boadicea,Pellet,7.8,Aroma,65
Barth-Haas - Bobek,Pellet,5.2,Boil,283
Barth-Haas - Bramling Cross,Leaf/Whole,6,Boil,37
Barth-Haas - Brewers Gold,Pellet,6.1,Boil,221
Barth-Haas - Bru-1,Pellet,12.3,Whirlpool,34
Barth-Haas - Callista,Pellet,4.1,Dry Hop,205
Barth-Haas - Cascade,Pellet,6,Boil,"1,167"
Barth-Haas - Cashmere,Pellet,8.4,Boil,"1,848"
Barth-Haas - Celeia,Pellet,4,Boil,531
Barth-Haas - Centennial,Pellet,10.3,Boil,824
Barth-Haas - Chelan,Leaf/Whole,13.3,Boil,3
Barth-Haas - Chinook,Pellet,12.6,Boil,472
Barth-Haas - Citra,Pellet,13.3,Boil,"2,732"
Barth-Haas - Citra BBC,Pellet,12.3,Dry Hop,7
Barth-Haas - Cluster,Pellet,7,Boil,72
Barth-Haas - Columbus,Leaf/Whole,14.9,First Wort,661
Barth-Haas - Comet,Pellet,10.5,Boil,76
Barth-Haas - Crystal,Leaf/Whole,4.8,Boil,88
Barth-Haas - East Kent Golding,Leaf/Whole,5.5,Boil,739
Barth-Haas - Ekuanot,Pellet,14.9,Boil,368
Barth-Haas - Ella,Pellet,15,Boil,82
Barth-Haas - Endeavour,Pellet,9.1,Boil,118
Barth-Haas - Enigma,Pellet,14.9,Whirlpool,"1,529"
Barth-Haas - Extra Styrian Dana,Pellet,14.8,Boil,64
Barth-Haas - First Gold,Pellet,7.1,Dry Hop,31
Barth-Haas - Fuggles,Pellet,4.3,Boil,388
Barth-Haas - Galaxy,Pellet,14,Dry Hop,646
Barth-Haas - Galena,Leaf/Whole,12.4,First Wort,58
Barth-Haas - Glacier,Pellet,6.7,Boil,15
Barth-Haas - Hallertau Blanc,Pellet,10.3,Dry Hop,199
Barth-Haas - Hallertauer Magnum,Pellet,13.4,Boil,"1,734"
Barth-Haas - Hallertauer Mittelfrüher,Pellet,4.4,Boil,741
Barth-Haas - Hallertauer Taurus,Pellet,12.9,Boil,70
Barth-Haas - Hallertauer Tradition,Pellet,5.5,Boil,507
Barth-Haas - Harmonie,Pellet,6.7,Boil,40
Barth-Haas - Herkules,Pellet,15.4,Boil,290
Barth-Haas - Hersbrucker Spät,Leaf/Whole,2.9,Boil,137
Barth-Haas - Huell Melon,Pellet,7.6,Whirlpool,185
Barth-Haas - Kazbek,Pellet,6.1,Boil,293
Barth-Haas - Loral,Pellet,10.8,Dry Hop,120
Barth-Haas - Lublin,Pellet,3.8,Dry Hop,28
Barth-Haas - Magnat,Pellet,13.2,Boil,45
Barth-Haas - Mandarina Bavaria,Pellet,8.5,Boil,324
Barth-Haas - Marynka,Pellet,9.7,Boil,87
Barth-Haas - Millennium,Pellet,15.5,Boil,9
Barth-Haas - Monroe,Leaf/Whole,3.5,Boil,15
Barth-Haas - Mosaic,Pellet,13.8,Boil,"1,262"
Barth-Haas - Mt. Hood,Pellet,5.4,Boil,601
Barth-Haas - National,Pellet,4.2,Boil,4
Barth-Haas - Northern Brewer,Pellet,9,Boil,305
Barth-Haas - Nugget,Pellet,11.9,First Wort,311
Barth-Haas - Opal,Pellet,6.5,Boil,1
Barth-Haas - Pahto,Pellet,18.6,Boil,501
Barth-Haas - Palisade,Pellet,8.1,Whirlpool,14
Barth-Haas - Perle,Pellet,4.1,First Wort,160
Barth-Haas - Pilgrim,Pellet,10.8,Boil,15
Barth-Haas - Polaris,Pellet,20.5,Boil,824
Barth-Haas - Premiant,Pellet,6,Boil,143
Barth-Haas - Progress,Pellet,6.5,Boil,3
Barth-Haas - Relax,Pellet,1.5,First Wort,11
Barth-Haas - Saaz Late,Pellet,4.7,Boil,190
Barth-Haas - Saazer,Pellet,4.4,Boil,572
Barth-Haas - Sabro,Pellet,14.2,Boil,"2,216"
Barth-Haas - Saphir,Pellet,3.2,Boil,144
Barth-Haas - Simcoe,Pellet,13.1,Boil,"1,023"
Barth-Haas - Sladek,Lupulin Pellet,6.7,Boil,278
Barth-Haas - Smaragd,Pellet,5.3,Dry Hop,93
Barth-Haas - Sorachi Ace,Pellet,14,Boil,101
Barth-Haas - Sovereign,Pellet,5.5,Boil,2
Barth-Haas - Spalt Spalter,Pellet,4.2,Boil,111
Barth-Haas - Spalter Select,Pellet,4.9,Boil,150
Barth-Haas - Strisselspalt,Pellet,2.2,Whirlpool,75
Barth-Haas - Styrian Gold,Pellet,4.7,Boil,112
Barth-Haas - Styrian Savinjski Golding,Pellet,4.2,Boil,152
Barth-Haas - Summit,Leaf/Whole,15.8,Boil,104
Barth-Haas - Super Galena,Pellet,14.3,Boil,66
Barth-Haas - Super Pride,Pellet,14.3,Boil,171
Barth-Haas - Sybilla,Leaf/Whole,7,Boil,42
Barth-Haas - Tahoma,Pellet,7.5,Boil,31
Barth-Haas - Tettnang Tettnanger,Pellet,4,Boil,619
Barth-Haas - Topaz,Pellet,15.8,Dry Hop,36
Barth-Haas - Triple Pearl,Pellet,10.1,Boil,525
Barth-Haas - Triskel,Pellet,7.3,Boil,125
Barth-Haas - Vic Secret,Pellet,16.3,Whirlpool,154
Barth-Haas - Vital,Pellet,12.3,Boil,46
Barth-Haas - Warrior,Leaf/Whole,15.2,Boil,66
Barth-Haas - Whitbread Golding Variety,Leaf/Whole,6.3,Boil,13
Barth-Haas - Willamette,Pellet,5.1,Boil,199
Barth-Haas - Wye Challenger,Pellet,7.4,Aroma,77
Barth-Haas - Wye Target,Pellet,10.6,Boil,28
Barth-Haas - Zeus,Pellet,15.8,Boil,55
bay wa ag - saaz,Leaf/Whole,3.2,Boil,2
bay wa ag - tettnanger,Leaf/Whole,4,Boil,10
beer secret - East Kent Golding,Pellet,5,Boil,2
beerex - Citra,Pellet,12.5,Boil,3
beerex - Idaho 7,Pellet,13.1,Boil,6
beerex - Mosaic,Pellet,12.3,Boil,3
bohemia hop - Saaz,Pellet,4.2,Boil,4
Brewer’s Best - Amarillo,Pellet,8.6,Boil,3
Brewferm - African Queen,Pellet,11.4,Boil,15
Brewferm - Amarillo,Pellet,10.2,Boil,6
Brewferm - Aramis,Pellet,7.1,Boil,8
Brewferm - Barbe Rouge,Pellet,10.2,Boil,43
Brewferm - Columbus,Pellet,13.3,Boil,3
Brewferm - Fuggles,Pellet,3,Boil,2
Brewferm - Hallertau Hersbrucker,Leaf/Whole,4.2,Boil,139
Brewferm - Hallertau Mittelfrüh,Pellet,4.2,Boil,296
Brewferm - Magnum,Pellet,14,Boil,3
Brewferm - Northern Brew,Pellet,7,Boil,3
Brewferm - Polaris,Pellet,18.6,First Wort,12
Brewferm - Smaragd,Pellet,5.8,Boil,4
Brewferm - Southern Dawn,Pellet,13.3,Boil,69
Brewferm - Southern Star,Pellet,14.4,Boil,98
Brewferm - Target,Pellet,10.4,Boil,1
Brewferm - Tettnanger,Pellet,4,Boil,37
Brewland Japan - Mosaic,Pellet,8.7,Boil,2
Brewland Japan - Motueka,Pellet,6.7,Boil,2
brewmart - Fuggles,Pellet,4.6,Aroma,1
Brewmaster - Amarillo,Pellet,9.6,Whirlpool,163
Brewmaster - Czech Saaz,Pellet,3.2,Boil,"3,724"
Brewmaster - First Gold,Pellet,6.8,Boil,3
Brewmaster - Mandarina Bavaria,Leaf/Whole,9.3,Boil,102
Brewmaster - Northern Brewer,Pellet,7.4,Boil,129
Brewshop - Huell Melon,Leaf/Whole,6.6,Boil,3
Brewshop - Jester,Pellet,7.6,Aroma,3
Brewshpo - Ahtanum,Pellet,5,Dry Hop,5
BSG - Ahtanum,Pellet,4.1,Boil,59
BSG - Azacca,Pellet,13.6,Boil,421
BSG - Cascade,Leaf/Whole,7.9,Boil,"1,733"
BSG - Centennial,Pellet,10.3,Boil,"1,155"
BSG - Challenger,Pellet,7.1,Boil,512
BSG - Chinook,Pellet,12.5,Boil,876
BSG - Citra,Pellet,12.3,Boil,"2,251"
BSG - CTZ,Pellet,15.4,Boil,590
BSG - East Kent Goldings,Pellet,5.2,Boil,"1,367"
BSG - Falconer's Flight,Pellet,10.4,Dry Hop,104
BSG - First Gold Uk,Pellet,7.8,Dry Hop,59
BSG - Fuggle,Pellet,4.5,Boil,444
BSG - Galaxy,Pellet,14.5,Dry Hop,832
BSG - German Hallertau Mittelfrüh,Pellet,4.3,Boil,"1,156"
BSG - German Northern Brewer,Pellet,7.1,Boil,911
BSG - German Spalter Select,Pellet,3.5,Boil,69
BSG - Hallertau Mittelfruh,Pellet,3.1,Boil,578
BSG - Hallertauer Blanc,Pellet,9.9,Whirlpool,204
BSG - Hersbrucker,Pellet,2.5,Boil,288
BSG - HS-Sitiva,Pellet,7.5,Dry Hop,2
BSG - Idaho 7,Pellet,13.8,Whirlpool,"3,191"
BSG - Kazbek,Pellet,6,Boil,291
BSG - Magnum,Pellet,12.8,Boil,"2,159"
BSG - Mandarina Bavaria,Pellet,8.6,Boil,233
BSG - Mosaic,Pellet,11.4,Boil,"1,176"
BSG - Motueka,Pellet,6.9,Whirlpool,407
BSG - Mount Hood,Leaf/Whole,5.4,Boil,136
BSG - Nelson Sauvin,Pellet,11.5,Dry Hop,778
BSG - Nugget,Pellet,15.6,Boil,1
BSG - Pacifica,Leaf/Whole,5.3,Boil,68
BSG - Perle,Pellet,8.2,Boil,403
BSG - Rakau,Pellet,9.7,Dry Hop,156
BSG - Saaz,Pellet,3.4,Boil,"1,343"
BSG - Sabro,Lupulin Pellet,14.2,Dry Hop,"2,341"
BSG - Styrian Goldings,Pellet,3.5,Boil,2
BSG - Tettnang,Pellet,3.9,Boil,3
BSG - Tradition,Pellet,5.6,Boil,250
BSG - UK Target,Pellet,10,Boil,384
BSG - Wai-iti,Pellet,2.8,Dry Hop,47
BSG - Warrior,Pellet,15.9,Boil,313
BSG - Willamette,Pellet,4.4,Boil,647
central valley hops - Cashmere,Pellet,8.2,Boil,1
Charles Faram -,Leaf/Whole,8.5,Boil,16
Charles Faram - Admiral,Pellet,11.8,Boil,82
Charles Faram - Agnus,Pellet,12,Boil,4
Charles Faram - Ahtanum,Pellet,5.9,Whirlpool,4
Charles Faram - Amarillo,Leaf/Whole,9,Boil,320
Charles Faram - Amarillo T90,Pellet,6.1,Dry Hop,1
Charles Faram - Amethyst,Pellet,4.8,Boil,1
Charles Faram - Apollo,Pellet,17.5,Aroma,230
Charles Faram - Aramis,Pellet,6.6,Boil,116
Charles Faram - Archer,Leaf/Whole,4.2,Boil,105
Charles Faram - Atlas,Pellet,5.8,Boil,10
Charles Faram - Aurora,Pellet,7.2,Boil,73
Charles Faram - Azacca,Pellet,12.7,Boil,119
Charles Faram - Barbe Rouge,Pellet,9.8,Dry Hop,68
Charles Faram - Beata,Leaf/Whole,6.2,Boil,8
Charles Faram - Belma,Pellet,12.8,Boil,36
Charles Faram - Boadicea,Leaf/Whole,7.3,Hop Stand,109
Charles Faram - Bobek,Leaf/Whole,3.5,Boil,144
Charles Faram - Bouclier,Pellet,7.5,Whirlpool,17
Charles Faram - Brambling Cross,Leaf/Whole,6.2,Boil,160
Charles Faram - Bravo,Pellet,15.3,Whirlpool,46
Charles Faram - Brewers Gold,Pellet,7.3,Boil,132
Charles Faram - Bullion,Pellet,9.4,Dry Hop,27
Charles Faram - Bullion UK,Pellet,10.1,Boil,32
Charles Faram - Calypso,Leaf/Whole,12.7,Boil,40
Charles Faram - Cascade T90,Pellet,5,Dry Hop,1
Charles Faram - Cascade UK,Leaf/Whole,6.9,Aroma,354
Charles Faram - Cascade US,Pellet,7.1,Aroma,359
Charles Faram - Cashmere,Pellet,8.4,Boil,291
Charles Faram - Celeia,Pellet,3.4,First Wort,374
Charles Faram - Centennial,Pellet,9.4,Boil,324
Charles Faram - Centennial T90,Pellet,10,Dry Hop,1
Charles Faram - Challenger,Leaf/Whole,6.9,Boil,282
Charles Faram - Chelan,Leaf/Whole,13.5,Boil,1
Charles Faram - Chinook,Leaf/Whole,12.8,Hopback,291
Charles Faram - Citra,Leaf/Whole,12.6,Boil,844
Charles Faram - Citra T90,Pellet,12.9,Dry Hop,2
Charles Faram - Cluster,Pellet,7.5,Boil,41
Charles Faram - Columbus,Pellet,16,Boil,118
Charles Faram - Comet,Leaf/Whole,10,Dry Hop,44
Charles Faram - Crystal,Pellet,4.1,Boil,13
Charles Faram - Dana,Pellet,9.8,Boil,22
Charles Faram - Dr. Rudi,Pellet,12.2,Boil,8
Charles Faram - East Kent Goldings,Leaf/Whole,6.3,Aroma,311
Charles Faram - Ekuanot,Pellet,14.4,Hop Stand,93
Charles Faram - El Dorado,Pellet,14.8,Boil,188
Charles Faram - Ella,Pellet,15,Whirlpool,7
Charles Faram - Endeavour,Leaf/Whole,7.6,Dry Hop,142
Charles Faram - Epic,Leaf/Whole,4.2,Boil,7
Charles Faram - Ernest,Pellet,6,Boil,121
Charles Faram - Eureka!,Pellet,17.9,Whirlpool,88
Charles Faram - First Gold,Leaf/Whole,7.6,Boil,87
Charles Faram - Flyer,Leaf/Whole,9,Boil,21
Charles Faram - Fuggles,Pellet,5.4,Boil,269
Charles Faram - Fusion,Leaf/Whole,5.8,Boil,8
Charles Faram - Galaxy,Leaf/Whole,14.4,Whirlpool,71
Charles Faram - Galena,Pellet,11.9,Dry Hop,21
Charles Faram - Glacier,Pellet,5.5,Boil,3
Charles Faram - Godiva,Pellet,7.6,Dry Hop (High Krausen),129
Charles Faram - Goldings,Pellet,6,Boil,90
Charles Faram - Green Bullet,Pellet,11.6,Boil,37
Charles Faram - Hallertau Blanc,Lupulin Pellet,11.9,Boil,57
Charles Faram - Harlequin,Leaf/Whole,10,First Wort,6
Charles Faram - Harmonie,Pellet,6,Boil,2
Charles Faram - Herkules,Pellet,18,Boil,51
Charles Faram - Hersbrucker,Pellet,3,Boil,51
Charles Faram - Huell Melon,Pellet,6.7,Boil,58
Charles Faram - Idaho 7,Pellet,11.3,Whirlpool,466
Charles Faram - Jarrylo,Pellet,15.9,Dry Hop,18
Charles Faram - Jester,Leaf/Whole,8.2,Boil,663
Charles Faram - Junga,Leaf/Whole,11.4,Boil,54
Charles Faram - Kazbek,Leaf/Whole,6.1,Whirlpool,43
Charles Faram - Kohatu,Pellet,6,Dry Hop,19
Charles Faram - Krpan,Leaf/Whole,11.8,Boil,4
Charles Faram - Lemondrop,Pellet,5.8,Boil,29
Charles Faram - Liberty,Leaf/Whole,4.7,Boil,27
Charles Faram - Lubelski,Pellet,4.2,Boil,283
Charles Faram - Magnum,Leaf/Whole,12.8,Boil,789
Charles Faram - Mandarina Bavaria,Leaf/Whole,10.3,Hopback,100
Charles Faram - Marynka,Pellet,8.4,Boil,98
Charles Faram - Millennium,Leaf/Whole,17.9,Boil,1
Charles Faram - Minstrel,Pellet,5.6,Boil,37
Charles Faram - Mistral,Pellet,7.1,Dry Hop,210
Charles Faram - Mittelfruh,Pellet,4.5,Boil,92
Charles Faram - Mosaic,Leaf/Whole,11.9,Whirlpool,390
Charles Faram - Most,Leaf/Whole,9,First Wort,8
Charles Faram - Motueka,Pellet,6.3,Boil,126
Charles Faram - Mount Hood,Leaf/Whole,5.5,Boil,9
Charles Faram - Moutere,Pellet,18.7,Aroma,5
Charles Faram - Mystic,Leaf/Whole,4.6,Boil,85
Charles Faram - Nelson Sauvin,Pellet,11.4,Boil,211
Charles Faram - Newport,Pellet,11.1,Boil,1
Charles Faram - Northdown,Pellet,7,Boil,47
Charles Faram - Northern Brewer,Pellet,6.5,Boil,207
Charles Faram - Nugget,Pellet,12.2,Boil,146
Charles Faram - NZ Pacific Jade,Pellet,12.9,Boil,450
Charles Faram - NZ Southern Cross,Pellet,12.6,Boil,33
Charles Faram - Olicana,Pellet,7.8,Whirlpool,738
Charles Faram - Pacific Gem,Pellet,15.2,Boil,14
Charles Faram - Pacifica,Pellet,7.3,Boil,4
Charles Faram - Palisade,Pellet,8,Boil,9
Charles Faram - Pekko,Leaf/Whole,15,Whirlpool,40
Charles Faram - Perle,Pellet,7.5,Boil,138
Charles Faram - Phoenix,Pellet,11.7,Whirlpool,61
Charles Faram - Pilgrim,Pellet,13.6,Boil,85
Charles Faram - Pilot,Pellet,9.2,Boil,26
Charles Faram - Pioneer,Leaf/Whole,10.1,Boil,7
Charles Faram - Polaris,Pellet,20.4,Boil,89
Charles Faram - Premiant,Pellet,9.4,Boil,104
Charles Faram - Pride of Ringwood,Pellet,10.5,Boil,11
Charles Faram - Progress,Leaf/Whole,6.4,Boil,10
Charles Faram - Pulawski,Pellet,7.3,Boil,10
Charles Faram - Rakau,Pellet,10.8,Whirlpool,59
Charles Faram - Saaz,Pellet,3.5,Boil,246
Charles Faram - Santiam,Leaf/Whole,5.5,Boil,2
Charles Faram - Saphir,Pellet,3.2,Whirlpool,11
Charles Faram - Savinjski Golding,Pellet,3.3,Boil,78
Charles Faram - Simcoe,Pellet,13.1,Boil,260
Charles Faram - Simcoe T90,Pellet,1,Dry Hop,1
Charles Faram - Sladek,Pellet,5.6,Boil,70
Charles Faram - Sonnet,Pellet,4.8,Whirlpool,3
Charles Faram - Sorachi Ace,Pellet,12.5,Boil,50
Charles Faram - Sovereign,Leaf/Whole,4.9,Aroma,182
Charles Faram - Spalter Select,Pellet,4.2,Boil,124
Charles Faram - Sterling,Pellet,7.1,Boil,115
Charles Faram - Sticklebract,Pellet,13.5,Boil,2
Charles Faram - Styrian Cardinal,Lupulin Pellet,9.4,Aroma,162
Charles Faram - Styrian Dragon,Leaf/Whole,8.1,Boil,291
Charles Faram - Styrian Fox,Pellet,8.6,Boil,99
Charles Faram - Styrian Gold,Pellet,4.7,Boil,32
Charles Faram - Styrian Kolibri,Pellet,5,Boil,130
Charles Faram - Styrian Wolf,Leaf/Whole,14.1,Boil,845
Charles Faram - Summit,Leaf/Whole,14.5,Aroma,65
Charles Faram - Sybilla,Pellet,6.7,Whirlpool,45
Charles Faram - Taiheke,Pellet,7,Boil,9
Charles Faram - Target,Pellet,10.8,Boil,79
Charles Faram - Tettnang,Pellet,4.8,Boil,354
Charles Faram - Topaz,Pellet,16.9,Boil,12
Charles Faram - Tradition,Pellet,4.9,Boil,33
Charles Faram - Triskel,Leaf/Whole,7.2,Whirlpool,21
Charles Faram - Ultra,Pellet,2.2,Boil,1
Charles Faram - Vanguard,Pellet,5.8,Boil,6
Charles Faram - Vital,Pellet,11.1,Boil,29
Charles Faram - Wai-iti,Pellet,2.9,Hop Stand,32
Charles Faram - Waimea,Leaf/Whole,16.6,Boil,15
Charles Faram - Wakatu,Pellet,7.8,Dry Hop,24
Charles Faram - Warrior,Pellet,14,Boil,79
Charles Faram - WGV,Leaf/Whole,6.9,Boil,96
Charles Faram - Willamette,Pellet,5.6,Boil,200
Charles Faram - Zappa,Pellet,7,Whirlpool,9
charles farm - El Dorado,Pellet,13.4,Dry Hop,3
Clearvalley Hops - Wild Turkey,Pellet,14.1,Boil,24
Crosby Hop Farm - Amarillo,Pellet,8.9,Dry Hop,6
Crosby Hop Farm - Callista,Pellet,3.5,Boil,4
Crosby Hop Farm - Columbus,Lupulin Pellet,16.2,Boil,143
Crosby Hop Farm - Denali,Pellet,14.2,Boil,"3,693"
Crosby Hop Farm - El Dorado,Pellet,15.3,Boil,134
Crosby Hop Farm - Hallertau Blanc,Pellet,8,Dry Hop,6
Crosby Hop Farm - Huell Melon,Pellet,4,Dry Hop,3
Crosby Hop Farm - Mandarina Bavaria,Pellet,7.8,Dry Hop,3
Crosby Hop Farm - Uk fuggle,Pellet,4,Boil,1
Crossmyloof - Amarillo,Pellet,8.1,Boil,64
Crossmyloof - Centennial,Pellet,10,Boil,2
Crossmyloof - Citra,Pellet,12.8,Dry Hop,231
Crossmyloof - Gamma Ray Twist,Pellet,11.5,Boil,2
Crossmyloof - Mosaic,Pellet,11.5,Boil,5
Crossmyloof - Simcoe,Pellet,13.3,Boil,3
Crossmyloof - US Chinook,Pellet,12.6,First Wort,7
Fermentap - Cascade,Pellet,8.8,Boil,2
Finest - Azacca,Pellet,11.6,Boil,2
Finest - Bramling Cross,Pellet,7.5,Boil,4
Finest - Cascade,Pellet,6.9,Boil,8
Finest - Hersbrucker,Pellet,2.6,Boil,3
Finest Co - Huli Melon,Pellet,6.6,Aroma,1
Finest Co. Brewing Suppliers - Hallertau Blanc,Pellet,9.1,Dry Hop,1
Four Star Farms - Cascade,Fresh,7.7,Boil,99
Four Star Farms - Centennial,Pellet,11.3,Whirlpool,36
Four Star Farms - Chaos Teamaker Blend,Pellet,5.1,Boil,30
Four Star Farms - Magnum,Pellet,12.6,Boil,282
Four Star Farms - Pepite,Pellet,13.8,First Wort,4
glacier hops ranch - Ahhhroma,Pellet,16.6,Whirlpool,4
Great Lakes Hops - Bergamot,Pellet,9.9,Whirlpool,161
Great Lakes Hops - Emerald Spire,Pellet,8.9,Boil,81
Great Lakes Hops - Gemini,Pellet,10.2,Boil,63
Great Lakes Hops - Hydra,Pellet,11.8,Boil,50
Great Lakes Hops - Kirin II,Leaf/Whole,8,Boil,15
Great Lakes Hops - Mackinac,Pellet,9.9,Boil,300
Great Lakes Hops - Michigan Copper,Pellet,9.3,Boil,359
Great Lakes Hops - Paradigm,Pellet,8.6,Aroma,95
Hallertauer - Hüll Melon,Pellet,7.3,Whirlpool,2
Hallowed Hops - Chinook,Pellet,12.9,Boil,33
Hang'em High Hops - Bergamot,Pellet,10.3,Whirlpool,142
Hang'em High Hops - Emerald Spire,Pellet,9.1,Boil,45
Hang'em High Hops - Gemini,Pellet,8.1,Boil,21
Hang'em High Hops - Hydra,Pellet,11.6,Dry Hop,51
Hang'em High Hops - Mackinac,Leaf/Whole,9.8,Boil,40
Hang'em High Hops - Michigan Copper,Pellet,10.2,Whirlpool,79
Hang'em High Hops - Paradigm,Pellet,8.5,Boil,61
Hill Top Hops - Cascade,Pellet,6.1,Boil,308
Hill Top Hops - Newport,Pellet,8.2,Boil,38
homebrewstuff - Brewer's Gold,Pellet,9.5,Boil,2
homebrewstuff - El Dorado,Pellet,14.2,Boil,6
HomebrewSupply.com - Warrior,Pellet,16.2,Boil,2
Hop Head Farms - Zuper saazer,Pellet,4.9,Boil,7
Hop Products Australia - Cascade,Pellet,6.9,Boil,2
Hop Products Australia - El Doredo,Pellet,12.4,Boil,3
hop store - Cascade,Pellet,7.2,Boil,37
Hop Union - Ahtanum,Pellet,3.5,Dry Hop,8
Hop Union - Amarillo,Pellet,7.2,Boil,467
Hop Union - Centennial,Leaf/Whole,9.5,Boil,200
Hop Union - French Strisselspalt,Pellet,1.7,Boil,48
Hop Union - Fuggle,Pellet,4.4,Boil,26
Hop Union - German hallertau,Pellet,5.5,Boil,49
Hop Union - German Opal,Leaf/Whole,8.6,Boil,1
Hop Union - German Saphir,Pellet,3.4,Boil,45
Hop Union - German select,Pellet,5.1,Boil,10
Hop Union - German Spalt,Pellet,3.3,Boil,201
Hop Union - Liberty,Pellet,4.6,Boil,27
Hop Union - Nugget,Pellet,13.3,Boil,80
Hop Union - Palisade,Pellet,12.9,Boil,5
Hop Union - Quebec Golding,Pellet,4.5,Boil,10
Hop Union - Simcoe,Pellet,13.3,Boil,291
Hop Union - Sorachi Ace,Pellet,12.2,Dry Hop,28
Hop Union - Stella,Pellet,15,Boil,5
Hop Union - Topaz,Pellet,16.5,Whirlpool,3
Hop Union - UK Fuggle,Pellet,4.7,Boil,77
Hop Union - US fuggle,Pellet,5.6,Boil,24
Hop Union - US Hallertau,Pellet,4.7,Boil,41
Hop Union - US Saaz,Pellet,3.5,Boil,93
Hops Direct - Amarillo,Leaf/Whole,8.7,Boil,370
Hops Direct - AMARILLO® VGXP01 C.V.,Pellet,8,Boil,12
Hops Direct - Belma,Pellet,9.8,Whirlpool,178
Hops Direct - Cascade,Pellet,6.6,Whirlpool,361
Hops Direct - Cashmere,Pellet,8.1,Boil,478
Hops Direct - Centennial,Pellet,9,Boil,655
Hops Direct - Chinook,Pellet,11.5,Boil,204
Hops Direct - Citra,Pellet,12.3,Dry Hop,693
Hops Direct - Cluster,Pellet,8,Dry Hop,28
Hops Direct - Columbus,Pellet,9.7,Boil,39
Hops Direct - Crystal,Pellet,4.1,Boil,157
Hops Direct - Czech haaz,Pellet,3.1,Boil,4
Hops Direct - El Dorado,Pellet,11,Dry Hop,21
Hops Direct - Fuggles US,Leaf/Whole,5.9,Boil,79
Hops Direct - Galena,Pellet,14.1,Boil,29
Hops Direct - Idaho 7,Pellet,9.4,Dry Hop,6
Hops Direct - Idaho Gem,Pellet,13.7,Boil,4
Hops Direct - Legacy,Pellet,7.4,Boil,23
Hops Direct - LemonDrop,Pellet,5.1,First Wort,9
Hops Direct - Mandarina Bavaria,Leaf/Whole,6.8,Boil,17
Hops Direct - Mosaic,Pellet,11.5,Boil,658
Hops Direct - Northern Brewer,Pellet,7.8,Boil,14
Hops Direct - Pekko,Pellet,15.9,Whirlpool,64
Hops Direct - Saaz,Pellet,2.7,Boil,10
Hops Direct - Simcoe,Pellet,13.3,Boil,569
Hops Direct - Sorachi Ace,Pellet,11.7,First Wort,110
Hops Direct - Sultana,Pellet,12.4,Dry Hop,1
Hops Direct - Tettnanger US,Pellet,5.2,Boil,310
Hops Direct - UK FUGGLE,Pellet,4.5,Boil,19
Hops Direct - US Magnum,Leaf/Whole,10.8,Dry Hop,12
Hops Direct - Willamette,Pellet,5.6,Boil,147
Hopsi - Ahtanum USA - Hopsi 2018,Pellet,5.2,Boil,24
Hopsi - Amarillo USA - Hopsi 2018,Pellet,7.3,Boil,24
Hopsi - Centennial USA - Hopsi 2018,Pellet,8,Boil,34
Hopsi - Citra USA - Hopsi 2018,Pellet,11.5,Boil,24
Hopsi - Hallertau Blanc D - Hopsi 2018,Pellet,9.8,Dry Hop,12
Hopsi - Styrian Aurora Slo - Hopsi 2018,Pellet,8.8,Boil,23
Hopsi - Styrian Bobek Slo - Hopsi 2018,Pellet,4.5,Boil,21
Hopsi - Styrian Dana Slo - Hopsi 2018,Pellet,10.6,Boil,12
Hopsi - Styrian Wolf,Pellet,15,Boil,21
Hopsi - Styrian Wolf Slo - Hopsi 2018,Pellet,15,Boil,27
Hopsteiner - Admiral,Pellet,12.7,Boil,6
Hopsteiner - Akoya,Pellet,9.2,Boil,34
Hopsteiner - Altus,Pellet,16.4,Boil,51
Hopsteiner - Amarillo,Pellet,8.8,Boil,14
Hopsteiner - Apollo,Pellet,17,Boil,18
Hopsteiner - Aramis,Pellet,6.9,Boil,12
Hopsteiner - Ariana,Pellet,10.4,First Wort,2
Hopsteiner - Aurora,Pellet,8,Boil,10
Hopsteiner - Bitter Gold,Pellet,13.8,Boil,46
Hopsteiner - BOADICEA,Pellet,7.2,Boil,4
Hopsteiner - Bobek,Pellet,4.3,First Wort,13
Hopsteiner - Bravo,Pellet,13.9,Boil,33
Hopsteiner - Callista,Pellet,2.4,Boil,2
Hopsteiner - CALYPSO,Pellet,16.2,Whirlpool,25
Hopsteiner - Cascade,Pellet,6.2,Dry Hop,52
Hopsteiner - Cashmere,Pellet,8.5,Dry Hop,47
Hopsteiner - Centennial,Pellet,10,Whirlpool,46
Hopsteiner - Challenger,Pellet,6.7,Dry Hop,24
Hopsteiner - Chinook,Pellet,13,Boil,22
Hopsteiner - Cluster,Pellet,6.8,Boil,3
Hopsteiner - Columbus/Tomahawk,Lupulin Pellet,16,Whirlpool,32
Hopsteiner - Comet,Leaf/Whole,8.9,Boil,31
Hopsteiner - Comet Lupulin,Pellet,15.5,Whirlpool,2
Hopsteiner - Contessa,Pellet,2.7,Boil,22
Hopsteiner - Crystal,Pellet,3,Boil,8
Hopsteiner - Delta,Pellet,6,Aroma,21
Hopsteiner - Diamant,Pellet,6.9,Boil,5
Hopsteiner - El Dorado,Pellet,14.8,Dry Hop,38
Hopsteiner - Eureka,Pellet,19.1,Dry Hop (High Krausen),62
Hopsteiner - First Gold,Pellet,8,First Wort,5
Hopsteiner - Fuggle,Pellet,4.6,Boil,41
Hopsteiner - Galena,Pellet,12.1,Mash,12
Hopsteiner - Golding (UK),Pellet,5,Aroma,17
Hopsteiner - Hallertau Herkules,Pellet,17.4,Boil,19
Hopsteiner - Hallertauer Blanc,Pellet,10.5,Boil,29
Hopsteiner - Hallertauer Magnum,Pellet,13.1,Boil,150
Hopsteiner - Hallertauer Merkur,Pellet,12.3,Boil,15
Hopsteiner - Hallertauer Mittelfrueh,Pellet,4,Boil,119
Hopsteiner - Hallertauer Taurus,Pellet,24,Boil,4
Hopsteiner - Hallertauer Tradition,Leaf/Whole,5.6,Boil,47
Hopsteiner - Helios,Pellet,18,Boil,46
Hopsteiner - HERSBRUCKER,Pellet,2.5,Boil,8
Hopsteiner - HS09326,Pellet,5.5,Whirlpool,13
Hopsteiner - HS17701,Leaf/Whole,9,Whirlpool,21
Hopsteiner - Huell Melon,Pellet,7.1,Boil,20
Hopsteiner - Lemondrop,Pellet,5.4,Whirlpool,67
Hopsteiner - Liberty,Pellet,4,Boil,20
Hopsteiner - Lotus,Pellet,15.6,Dry Hop,174
Hopsteiner - Lotus Lupulin Pellets,Lupulin Pellet,24.1,Whirlpool,19
Hopsteiner - LUBELSKI (LUBLIN),Pellet,4.3,Boil,18
Hopsteiner - Mandarina Bavaria,Pellet,8.5,Whirlpool,12
Hopsteiner - MARYNKA,Pellet,10.5,Boil,3
Hopsteiner - Melba,Pellet,10.6,Dry Hop,31
Hopsteiner - MOTUEKA,Pellet,7.1,Whirlpool,19
Hopsteiner - Mt Hood,Pellet,5.7,Whirlpool,44
Hopsteiner - Mt Ranier,Leaf/Whole,7,Boil,5
Hopsteiner - NELSON SAUVIN,Pellet,11,Boil,20
Hopsteiner - Northdown,Pellet,8,Boil,3
Hopsteiner - Northern Brewer,Pellet,7.9,Boil,11
Hopsteiner - Nugget,Pellet,12.5,First Wort,17
Hopsteiner - Opal,Pellet,6.5,Boil,3
Hopsteiner - Perle,Pellet,6,Boil,70
Hopsteiner - Pilgrim,Extract,50,Boil,1
Hopsteiner - Polaris,Pellet,20.3,Boil,24
Hopsteiner - PREMIANT,Leaf/Whole,9.4,Boil,6
Hopsteiner - Riwaka,Pellet,5,Dry Hop,21
Hopsteiner - Saazer,Leaf/Whole,3.2,Boil,53
Hopsteiner - Saphir,Pellet,3.2,Boil,6
Hopsteiner - SLÁDEK,Pellet,9.9,Boil,6
Hopsteiner - SMARAGD,Lupulin Pellet,5.1,Boil,8
Hopsteiner - Solero,Pellet,9,Hop Stand,53
Hopsteiner - Sorachi Ace,Pellet,13,Boil,1
Hopsteiner - Spalter,Pellet,4,Whirlpool,8
Hopsteiner - Spalter Select,Pellet,5.3,Boil,28
Hopsteiner - Sterling,Pellet,5.1,Boil,11
Hopsteiner - Strisselspalter,Pellet,3.8,Boil,5
Hopsteiner - Styrian Golding,Pellet,5.1,First Wort,20
Hopsteiner - Sultana,Pellet,13.9,Dry Hop,253
Hopsteiner - Sultana Lupulin,Lupulin Pellet,24.2,Whirlpool,4
Hopsteiner - Summit,Pellet,15.5,First Wort,4
Hopsteiner - Super Galena,Pellet,13.9,Boil,10
Hopsteiner - Tahoma,Pellet,7.1,Boil,11
Hopsteiner - Target,Pellet,10.4,Boil,7
Hopsteiner - Tettnanger,Pellet,3.5,Boil,75
Hopsteiner - Titan,Leaf/Whole,15.8,Boil,6
Hopsteiner - Trident,Pellet,12.7,First Wort,156
Hopsteiner - Triskel,Pellet,4.3,Boil,37
Hopsteiner - Willamette,Pellet,5.9,Boil,33
Hopsteiner - X06297,Pellet,15.1,Aroma,44
Hopsteiner - X07270,Pellet,15,Boil,2
Hopsteiner - X10416,Leaf/Whole,14,Whirlpool,2
Hopsteiner - Zeus,Pellet,18.5,Boil,1
Hoptimus Rex - German Hersbrucker,Pellet,1.7,Boil,2
Hoptimus Rex - Herkules (DE),Pellet,18.5,Boil,1
houblon des jarrets noirs - HJN IPA22,Pellet,11,Dry Hop (High Krausen),4
hpa - Enigma,Pellet,18,Boil,4
HPA (Australia) - Enigma,Pellet,17.7,Boil,2
Incognito - Centennial,Extract,40.3,Whirlpool,70
Incognito - Chinook,Pellet,40.1,Boil,72
Incognito - Citra,Extract,49.7,Whirlpool,418
Incognito - Ekuanot,Pellet,49.7,Aroma,18
Incognito - El Dorado,Pellet,45.9,Whirlpool,64
Incognito - Mosaic,Pellet,49.1,Whirlpool,256
Incognito - Sabro,Leaf/Whole,46.9,Whirlpool,48
kegland - Citra,Pellet,14.2,Whirlpool,2
laguilhoat - Amarillo,Pellet,8.6,Dry Hop,9
laguilhoat - Cascade,Pellet,6.5,Boil,9
laguilhoat - Citra,Pellet,13.6,Boil,11
laguilhoat - Nugget,Pellet,15.1,Boil,3
LD Carlson - Amarillo,Pellet,9.2,Dry Hop,81
LD Carlson - Centennial,Pellet,10.4,Boil,120
LD Carlson - Challenger,Pellet,5.3,Boil,2
LD Carlson - Crystal,Pellet,4,Boil,6
LD Carlson - El Dorado,Pellet,14.1,Whirlpool,41
LD Carlson - galena,Pellet,12.5,Boil,1
LD Carlson - German Hallertau Blanc,Pellet,9.8,Boil,132
LD Carlson - GERMAN HALLERTAU MITTELFRUH,Pellet,3.9,Boil,275
LD Carlson - German Mandarina Bavaria,Pellet,6.7,Boil,2
LD Carlson - Lemondrop,Pellet,6,Whirlpool,134
LD Carlson - Willamette,Pellet,4.7,Boil,131
Lone Mountain Farms - Mount Hood,Pellet,9,Boil,18
Lupin Mart - Brewers Gold,Leaf/Whole,7.1,Boil,366
Malt Miller - Celeia,Leaf/Whole,1.6,Dry Hop,1
Malt Miller - Citra,Pellet,14.2,Hop Stand,1
Malt Miller - Fusion,Pellet,6.4,Aroma,3
Malt Miller - Lemondrop,Pellet,5.3,Boil,2
Malt Miller - Minstrel,Leaf/Whole,4.8,Dry Hop,2
Malt Miller - Willamette,Pellet,5.3,Hop Stand,1
Michigan Hop Alliance - Brewers Gold,Pellet,9,Boil,13
Michigan Hop Alliance - Enigma,Pellet,18.7,Whirlpool,4
Michigan Hop Alliance - Motueka,Pellet,8.1,Dry Hop,1
Michigan Hop Alliance - Nectaron,Pellet,8.1,Whirlpool,6
Michigan Hop Alliance - Riwaka,Pellet,6.1,Whirlpool,7
Michigan Hop Alliance - Sultana,Pellet,13.7,Boil,3
Mighty Axe - Julius,Pellet,7.9,Boil,30
Mighty Axe - Tropica,Pellet,10.8,Boil,18
Morebeer - Idaho 7,Pellet,12.5,Dry Hop,17
morgan's - hallertau,Pellet,3.3,Boil,1
morgan's - tettnanger,Pellet,3.6,Boil,1
Mr Malt - Spalt Spalter,Pellet,4.8,Boil,1
Northern Brewer - Amarillo,Pellet,8.4,Boil,2
Northern Brewer - Australian Galaxy,Pellet,14.8,Boil,"1,318"
Northern Brewer - Azacca,Pellet,11,Whirlpool,201
Northern Brewer - Cascade,Pellet,7.7,Boil,895
Northern Brewer - Centennial,Pellet,10.5,Boil,479
Northern Brewer - Chinook,Pellet,12,Boil,461
Northern Brewer - Citra,Pellet,12.1,Boil,740
Northern Brewer - Cluster,Pellet,7.6,Boil,214
Northern Brewer - Crystal,Leaf/Whole,3.2,Boil,94
Northern Brewer - Czech Saaz,Pellet,3.5,Boil,1
Northern Brewer - Denali,Pellet,14,Boil,297
Northern Brewer - El Dorado,Pellet,14.5,Dry Hop,245
Northern Brewer - Fuggle,Pellet,5.4,Boil,465
Northern Brewer - Galaxy (AU),Pellet,15.5,Boil,1
Northern Brewer - German Hallertau,Pellet,3.9,Boil,794
Northern Brewer - German Magnum,Pellet,13.4,Boil,4
Northern Brewer - German Mandarina,Pellet,8,Boil,116
Northern Brewer - German Northern Brewer,Pellet,8.5,Boil,2
Northern Brewer - German Tettnang,Pellet,3.6,Boil,"1,266"
Northern Brewer - Glacier,Pellet,4.9,Boil,2
Northern Brewer - Goldings (US),Pellet,4.3,Boil,1
Northern Brewer - Hallertau,Pellet,4.2,Boil,"3,969"
Northern Brewer - Hallertau (DE),Pellet,3.5,Boil,4
Northern Brewer - Hersbrucker,Pellet,2.2,Boil,2
Northern Brewer - Horizon,Pellet,11,Dry Hop,2
Northern Brewer - Idaho 7,Pellet,12.1,Boil,767
Northern Brewer - Idaho Gem,Pellet,12.5,Dry Hop,19
Northern Brewer - Kent Goldings (UK),Pellet,6.1,Boil,1
Northern Brewer - Magnum (DE),Pellet,12.7,Boil,2
Northern Brewer - Mighty Axe Julius,Pellet,7.2,Boil,278
Northern Brewer - Mighty Axe Tropica,Pellet,10.2,Boil,174
Northern Brewer - Mosaic,Pellet,11.3,Dry Hop,666
Northern Brewer - Northern Brewer (US),Pellet,7.9,Boil,4
Northern Brewer - Nugget,Pellet,11.2,Boil,1
Northern Brewer - Saaz (CZ),Pellet,11.2,Aroma,18
Northern Brewer - Southern Promise,Pellet,10.7,Boil,64
Northern Brewer - Strisselspalt,Pellet,2,Boil,5
Northern Brewer - Styrian Golding,Pellet,4.8,Boil,205
Northern Brewer - Tettnanger (DE),Pellet,2.5,Boil,5
Northern Brewer - UK Fuggle,Pellet,5.6,Boil,407
Northern Brewer - UK Kent Goldings,Pellet,5.6,Boil,1
Northern Brewer - US Brewer Gold,Pellet,9,Boil,165
Northern Brewer - US Goldings,Pellet,5,Boil,531
Northern Brewer - Williamette,Pellet,5.2,Boil,"1,918"
Northern Brewer - Zappa,Pellet,5.1,Boil,8
Northern Brewer Premium - Simcoe,Pellet,12.9,Boil,3
northwest hop farms - BC Cascade,Pellet,5.5,Boil,2
nz hops - Nelson Sauvin,Pellet,11,Boil,9
nzhops - Motueka,Pellet,8.2,Boil,4
nzhops - Nectaron,Pellet,11,Hop Stand,3
nzhops - Nelson Sauvin,Pellet,9.8,Boil,4
nzhops - NZ Pacific Jade,Pellet,10.9,Boil,3
nzhops - NZ Southern Cross,Pellet,11,Boil,2
nzhops - Taiheke,Pellet,9.8,Aroma,2
ølbrygging.no - Saaz,Pellet,3.5,Dry Hop,1
sabro - HBC-438,Pellet,14,Boil,6
schweddy bohemian - Cluster,Leaf/Whole,7.8,Boil,43
Simply Hops - Chinook,Pellet,11.5,Boil,7
Simply Hops - Citra,Pellet,13,Hop Stand,4
Simply Hops - Geterbrewed,Pellet,15.3,Boil,1
Simply Hops - Magnum,Pellet,12.5,Boil,6
Simply Hops - Mosaic,Pellet,11.6,Hop Stand,1
Simply Hops - Summit,Pellet,15.3,Boil,1
Simply Hops - Vic Secret,Pellet,18.6,Boil,3
Tavistock - Heritage,Pellet,3.7,Boil,3
Tenacious Badger - Cascade,Pellet,5.6,Boil,1
Tenacious Badger - Mackinac,Pellet,9.3,First Wort,8
Tenacious Badger - Mt. Hood,Pellet,4.4,Boil,1
Tenacious Badger - Willamette,Pellet,4.6,Boil,1
The Homebrew Company - Challenger,Leaf/Whole,7.3,Boil,4
The Homebrew Company - Fuggles,Leaf/Whole,10.1,Boil,5
The Homebrew Company - Styrian Goldings,Leaf/Whole,3.9,Boil,4
The Homebrew Company - Williamette,Leaf/Whole,5.8,Boil,2
the malt miller - Aged Hops,Leaf/Whole,2,Boil,1
Tyskland - Polaris,Pellet,20.5,Boil,6
Virgil Gamache Farms Inc - Amarillo,Pellet,8.6,Whirlpool,21
Yakima Chief Hops - Amarillo,Leaf/Whole,9.5,Boil,"2,875"
Yakima Chief Hops - Amarillo Cryo,Lupulin Pellet,16,Whirlpool,"1,353"
Yakima Chief Hops - Azacca Cryo,Lupulin Pellet,19.7,Dry Hop,353
Yakima Chief Hops - Brewer’s Gold,Pellet,8.9,Boil,6
Yakima Chief Hops - Cascade,Pellet,6.3,Boil,"5,093"
Yakima Chief Hops - Cascade DBL,Debittered Leaf,1.5,Boil,124
Yakima Chief Hops - Cascade LupuLN2 (Cryo),Lupulin Pellet,12.5,Whirlpool,"1,850"
Yakima Chief Hops - Cashmere Cryo,Pellet,16.6,Boil,2
Yakima Chief Hops - Celeia,Pellet,2.8,Whirlpool,5
Yakima Chief Hops - Centennial,Pellet,9.9,Boil,"3,340"
Yakima Chief Hops - Chinook,Pellet,13.5,Boil,"1,721"
Yakima Chief Hops - Citra,Pellet,13,Boil,"8,968"
Yakima Chief Hops - Citra DBL,Pellet,3.2,Boil,189
Yakima Chief Hops - Citra LupuLN2 (Cryo),Lupulin Pellet,24.6,Dry Hop,"7,145"
Yakima Chief Hops - Cluster,Pellet,7,Boil,2
Yakima Chief Hops - Cluster Fugget,Pellet,7.9,Boil,166
Yakima Chief Hops - Columbus,Pellet,15.9,Boil,"2,269"
Yakima Chief Hops - Columbus LupuLN2 (Cryo),Lupulin Pellet,24.7,First Wort,985
Yakima Chief Hops - Comet,Pellet,0,Boil,2
Yakima Chief Hops - Crystal,Pellet,4.3,Boil,234
Yakima Chief Hops - East Kent Golding,Pellet,4.9,Dry Hop,14
Yakima Chief Hops - East Kent Goldings,Pellet,5.6,Boil,11
Yakima Chief Hops - Ekuanot,Pellet,13.8,Boil,807
Yakima Chief Hops - Ekuanot DBL,Debittered Leaf,3.1,Boil,16
Yakima Chief Hops - Ekuanot LupuLN2 (Cryo),Lupulin Pellet,24.8,Boil,981
Yakima Chief Hops - El Dorado,Pellet,14.7,Whirlpool,"1,163"
Yakima Chief Hops - El Dorado Cryo,Lupulin Pellet,23.8,Boil,7
Yakima Chief Hops - Falconer's Flight,Pellet,10.7,Whirlpool,428
Yakima Chief Hops - Fuggle UK,Pellet,4.4,Boil,705
Yakima Chief Hops - German Hallertau,Pellet,3.7,Boil,"2,967"
Yakima Chief Hops - German Magnum,Pellet,13.3,Boil,"1,378"
Yakima Chief Hops - German Northern Brewer,Pellet,8.2,Boil,464
Yakima Chief Hops - German Tettnang,Pellet,4.1,Boil,"1,539"
Yakima Chief Hops - Hallertau,Pellet,4.8,Boil,557
Yakima Chief Hops - Hallertauer Magnum,Pellet,14.7,Boil,150
Yakima Chief Hops - Hersbrucker,Pellet,2.7,Boil,278
Yakima Chief Hops - Idaho 7,Pellet,12.6,Hop Stand,6
Yakima Chief Hops - Idaho 7 Cryo,Lupulin Pellet,22.1,Dry Hop,"1,107"
Yakima Chief Hops - Loral,Pellet,11.3,Whirlpool,346
Yakima Chief Hops - Loral DBL,Debittered Leaf,2.9,Boil,73
Yakima Chief Hops - Loral LupuLN2 (Cryo),Lupulin Pellet,20,Boil,610
Yakima Chief Hops - Magnum,Pellet,13.1,Boil,"1,146"
Yakima Chief Hops - Mosaic,Pellet,12.1,Boil,"4,960"
Yakima Chief Hops - Mosaic DBL,Debittered Leaf,3.1,Dry Hop,121
Yakima Chief Hops - Mosaic LupuLN2 (Cryo),Lupulin Pellet,22.1,Boil,"5,525"
Yakima Chief Hops - MT Hood,Pellet,5.3,Boil,"1,278"
Yakima Chief Hops - Nugget,Pellet,14.3,Boil,814
Yakima Chief Hops - NZ Southern Cross,Pellet,13.3,Boil,2
Yakima Chief Hops - NZ Tahieke,Pellet,7,Boil,2
Yakima Chief Hops - Pink Boots 2020,Pellet,12.4,Boil,12
Yakima Chief Hops - Pink Boots Blend,Pellet,12,Whirlpool,5
Yakima Chief Hops - Pink Boots Blend 2021,Pellet,11,Boil,7
Yakima Chief Hops - Pink Boots Blend 2022,Pellet,11.5,Dry Hop,9
Yakima Chief Hops - Pink-Boots-Blend-2021,Pellet,10.7,Boil,11
Yakima Chief Hops - Saaz,Pellet,3.5,Whirlpool,"1,318"
Yakima Chief Hops - Saaz CZ,Pellet,3.4,Boil,"1,073"
Yakima Chief Hops - Simcoe,Pellet,13.4,Boil,"5,242"
Yakima Chief Hops - Simcoe DBL,Debittered Leaf,3.9,Dry Hop,103
Yakima Chief Hops - Simcoe LupuLN2 (Cryo),Lupulin Pellet,23.2,Dry Hop,"3,953"
Yakima Chief Hops - Sorachi Ace,Pellet,13.5,Boil,17
Yakima Chief Hops - Summer,Pellet,6.1,Boil,7
Yakima Chief Hops - Topaz,Leaf/Whole,16.8,Boil,71
Yakima Chief Hops - Tradition,Leaf/Whole,5.7,Boil,181
Yakima Chief Hops - UK East Kent Golding,Pellet,5.4,Boil,5
Yakima Chief Hops - UK Fuggle,Pellet,4.3,Boil,336
Yakima Chief Hops - US Golding,Plug,5,Boil,605
Yakima Chief Hops - Willamette,Pellet,5.8,Boil,3
Yakima Valley Hops - Adeena,Pellet,5.4,Boil,6
Yakima Valley Hops - African Queen,Pellet,11.3,Boil,"1,376"
Yakima Valley Hops - Amarillo,Pellet,8.4,Boil,"2,394"
Yakima Valley Hops - AU Ella,Pellet,14.8,Whirlpool,340
Yakima Valley Hops - AU Enigma,Pellet,17.5,Whirlpool,9
Yakima Valley Hops - AU Galaxy,Pellet,14.6,Dry Hop,"2,739"
Yakima Valley Hops - AU Vic Secret,Pellet,18.2,Boil,979
Yakima Valley Hops - Azacca,Pellet,13.3,Whirlpool,"1,506"
Yakima Valley Hops - Barbe Rouge,Pellet,8.3,Boil,280
Yakima Valley Hops - Bravo,Pellet,14.8,Boil,555
Yakima Valley Hops - BRU-1,Pellet,14.5,Boil,"4,710"
Yakima Valley Hops - Callista,Pellet,3.1,Whirlpool,5
Yakima Valley Hops - Cascade,Pellet,6.5,Dry Hop,"3,407"
Yakima Valley Hops - Cashmere,Leaf/Whole,7.3,Boil,"4,906"
Yakima Valley Hops - Cashmere LUPOMAX,Lupulin Pellet,13.5,Dry Hop,4
Yakima Valley Hops - Centennial,Pellet,9,Dry Hop,"2,903"
Yakima Valley Hops - Chinook,Pellet,12.8,Whirlpool,"1,410"
Yakima Valley Hops - Citra,Pellet,13.2,Boil,"8,055"
Yakima Valley Hops - Columbus,Pellet,13.9,Boil,3
Yakima Valley Hops - Comet,Pellet,9.8,Dry Hop,379
Yakima Valley Hops - Crystal,Leaf/Whole,4.4,Boil,160
Yakima Valley Hops - CTZ,Pellet,14.5,Boil,"1,416"
Yakima Valley Hops - CZ Kazbek,Pellet,4.6,Boil,13
Yakima Valley Hops - CZ Saaz,Pellet,3.2,Boil,"1,514"
Yakima Valley Hops - Denali,Pellet,14.5,Boil,492
Yakima Valley Hops - East Kent Golding,Pellet,5.7,Boil,"2,388"
Yakima Valley Hops - Ekuanot,Pellet,14.8,Whirlpool,320
Yakima Valley Hops - El Dorado,Pellet,14.1,Whirlpool,"2,337"
Yakima Valley Hops - Ella,Pellet,13.8,First Wort,6
Yakima Valley Hops - Experimental Grapefruit,Pellet,16.3,Boil,170
Yakima Valley Hops - Experimental Lemonaughty,Pellet,10.6,Dry Hop,11
Yakima Valley Hops - Experimental Tangerine,Pellet,6.8,Boil,41
Yakima Valley Hops - FR Brewer's Gold,Pellet,5.5,Boil,1
Yakima Valley Hops - FR Fuggle,Pellet,3,Boil,4
Yakima Valley Hops - FR Minstral,Pellet,7,Boil,2
Yakima Valley Hops - FR Strisselspalt,Pellet,2.3,Boil,5
Yakima Valley Hops - Fuggle,Pellet,4.8,Boil,"2,574"
Yakima Valley Hops - Fuggles,Pellet,4.3,Boil,405
Yakima Valley Hops - Galaxy,Pellet,16.3,Whirlpool,12
Yakima Valley Hops - Glacier,Pellet,5.3,Boil,2
Yakima Valley Hops - GR Calista,Pellet,3.2,Boil,8
Yakima Valley Hops - GR Hersbrucker,Pellet,2.3,Boil,21
Yakima Valley Hops - GR Magnum,Pellet,12.9,First Wort,3
Yakima Valley Hops - GR Mandarina Bavaria,Pellet,7.5,Boil,47
Yakima Valley Hops - GR Monroe,Pellet,3.3,Boil,84
Yakima Valley Hops - GR Perle,Pellet,6.9,Boil,32
Yakima Valley Hops - GR Saphir,Pellet,3.7,Boil,8
Yakima Valley Hops - GR Tettnanger,Pellet,3.3,Boil,845
Yakima Valley Hops - Hallertau (Mittelfruh),Pellet,3.8,Boil,"2,002"
Yakima Valley Hops - Hallertau Blanc,Pellet,8.8,First Wort,14
Yakima Valley Hops - HBC 472,Pellet,8.3,First Wort,8
Yakima Valley Hops - HBC 586,Pellet,13.3,Whirlpool,5
Yakima Valley Hops - HBC 630,Pellet,14.2,Boil,3
Yakima Valley Hops - HBC-586,Pellet,9.1,Boil,11
Yakima Valley Hops - HBC-630,Pellet,13.5,Boil,3
Yakima Valley Hops - Hüll Melon,Pellet,6.2,Boil,"1,157"
Yakima Valley Hops - Idaho 7,Pellet,12.7,Boil,"7,636"
Yakima Valley Hops - Idaho Gem,Pellet,12.5,Dry Hop,"1,690"
Yakima Valley Hops - Jarrylo,Pellet,12.7,Boil,73
Yakima Valley Hops - Loral,Pellet,10.6,Boil,310
Yakima Valley Hops - LUPOMAX Amarillo,Pellet,14,Dry Hop,549
Yakima Valley Hops - LUPOMAX Azacca,Lupulin Pellet,16.6,Whirlpool,191
Yakima Valley Hops - LUPOMAX BRU-1,Leaf/Whole,19.2,Dry Hop,355
Yakima Valley Hops - LUPOMAX Cashmere,Pellet,13.6,Whirlpool,208
Yakima Valley Hops - LUPOMAX Citra,Lupulin Pellet,18.4,Dry Hop,"2,450"
Yakima Valley Hops - LUPOMAX Columbus,Pellet,20.1,First Wort,554
Yakima Valley Hops - LUPOMAX Ekuanot,Pellet,18.8,Boil,147
Yakima Valley Hops - LUPOMAX El Dorado,Lupulin Pellet,19,Whirlpool,2
Yakima Valley Hops - LUPOMAX HBC 586,Lupulin Pellet,16.5,Whirlpool,2
Yakima Valley Hops - LUPOMAX Mosaic,Pellet,17.7,Dry Hop (High Krausen),"1,691"
Yakima Valley Hops - LUPOMAX Sabro,Pellet,19.8,Dry Hop (High Krausen),778
Yakima Valley Hops - Magnum,Pellet,14.1,Boil,"1,358"
Yakima Valley Hops - Mandarina Bavaria,Pellet,8.4,Boil,566
Yakima Valley Hops - Medusa,Pellet,4.4,Boil,"1,453"
Yakima Valley Hops - Mosaic,Pellet,11.6,Boil,"4,985"
Yakima Valley Hops - Mt Hood,Pellet,5.4,Boil,802
Yakima Valley Hops - Nectaron,Pellet,9.8,Whirlpool,4
Yakima Valley Hops - Northern Brewer,Pellet,8.7,Boil,524
Yakima Valley Hops - Nugget,Pellet,13.6,Boil,51
Yakima Valley Hops - NZ Kohatu,Leaf/Whole,5.7,Boil,136
Yakima Valley Hops - NZ Motueka,Pellet,5.9,Boil,"1,293"
Yakima Valley Hops - NZ Moutere,Pellet,16.1,Boil,7
Yakima Valley Hops - NZ Nectaron,Pellet,10,Whirlpool,4
Yakima Valley Hops - NZ Nelson Sauvin,Pellet,11.6,Boil,"1,524"
Yakima Valley Hops - NZ Rakau,Pellet,9.5,Boil,503
Yakima Valley Hops - NZ Waimea,Pellet,14.1,Boil,277
Yakima Valley Hops - Pekko,Pellet,15.5,Whirlpool,"1,385"
Yakima Valley Hops - Perle,Leaf/Whole,6.1,Boil,908
Yakima Valley Hops - Riwaka,Pellet,5.9,Boil,341
Yakima Valley Hops - SA Blend,Pellet,8.8,Hop Stand,16
Yakima Valley Hops - Saaz,Pellet,3.4,Aroma,"1,036"
Yakima Valley Hops - Sabro,Pellet,14.9,Whirlpool,"5,820"
Yakima Valley Hops - Search...,Pellet,5.6,Boil,16
Yakima Valley Hops - simco,Pellet,12.6,Dry Hop,1
Yakima Valley Hops - Simcoe,Pellet,12.9,Boil,"3,052"
Yakima Valley Hops - SL Styrian Goldings,Pellet,3,Boil,3
Yakima Valley Hops - Sorachi Ace,Pellet,11,Boil,3
Yakima Valley Hops - Southern Aroma,Pellet,5.8,Boil,354
Yakima Valley Hops - Southern Cross,Pellet,12.5,Boil,3
Yakima Valley Hops - Southern Passion,Pellet,10.6,Boil,"1,893"
Yakima Valley Hops - Southern Promise,Pellet,10.9,Boil,709
Yakima Valley Hops - Southern Star,Pellet,13.7,Hop Stand,59
Yakima Valley Hops - Spalt Select,Pellet,2.6,Boil,5
Yakima Valley Hops - Strata,Pellet,12.4,Whirlpool,"7,098"
Yakima Valley Hops - Strisselspalt,Pellet,1.8,Boil,6
Yakima Valley Hops - Summit,Pellet,16.4,Boil,225
Yakima Valley Hops - Tahoma,Pellet,7.1,Boil,457
Yakima Valley Hops - Talus,Pellet,8.9,Dry Hop,"2,072"
Yakima Valley Hops - UK Challenger,Pellet,5.6,Boil,8
Yakima Valley Hops - US Golding,Pellet,4.2,First Wort,4
Yakima Valley Hops - Vic Secret,Pellet,19.6,Whirlpool,10
Yakima Valley Hops - Wakatu,Pellet,7,First Wort,150
Yakima Valley Hops - Warrior,Pellet,16.4,Boil,"1,185"
Yakima Valley Hops - Willamette,Pellet,5.1,Boil,"1,497"
Yakima Valley Hops - Zappa,Pellet,4.9,Whirlpool,2
YCR - Pahto,Pellet,19.2,Boil,514
